best_f1,best_threshold,precision,recall,roc_auc,f1_t0.93,f1_t0.94,f1_t0.95,f1_t0.96,f1_t0.97,f1_t0.975,f1_t0.98,f1_t0.985,f1_t0.99,hidden_size,epochs,lr,model
0.8237747653806048,0.985,0.8458244111349036,0.8028455284552846,0.9714497110370397,0.4354753053637812,0.49011384062312763,0.5631469979296067,0.6403162055335968,0.7192825112107624,0.7670182166826462,0.797583081570997,0.8237747653806048,0.8221512247071352,128,30,0.0005,LSTM
0.8221757322175732,0.97,0.8469827586206896,0.7987804878048781,0.9709175304958474,0.7603773584905661,0.78515625,0.8048289738430584,0.8206185567010309,0.8221757322175732,0.8201892744479495,0.8212765957446808,0.8112189859762675,0.7210401891252955,64,20,0.001,LSTM
0.8221757322175732,0.94,0.8469827586206896,0.7987804878048781,0.9728799672411896,0.8204592901878914,0.8221757322175732,0.8198103266596417,0.8162393162393162,0.7867403314917127,0.75,0.6773006134969325,0.5813333333333334,0.24083769633507854,64,30,0.0005,LSTM
0.821656050955414,0.99,0.86,0.7865853658536586,0.9731038472300204,0.2607371306731648,0.3305978898007034,0.4399164054336468,0.5733882030178327,0.7102966841186736,0.7746883988494727,0.8097165991902834,0.8196037539103233,0.821656050955414,64,30,0.001,LSTM
0.8210526315789474,0.98,0.851528384279476,0.7926829268292683,0.9727626084317049,0.5228840125391849,0.6143497757847534,0.6840336134453782,0.7520891364902507,0.7948207171314741,0.8207253886010363,0.8210526315789474,0.8178913738019169,0.7834821428571429,64,50,0.0005,LSTM
0.8207847295864263,0.97,0.8580931263858093,0.7865853658536586,0.9702520456741771,0.8032290615539859,0.813141683778234,0.8153526970954357,0.819226750261233,0.8207847295864263,0.8162393162393162,0.8099352051835853,0.7924944812362031,0.7291910902696366,128,20,0.0005,LSTM
0.7912957467853611,0.99,0.7707129094412332,0.8130081300813008,0.9725555996876818,0.1723792343154941,0.20504201680672268,0.24787576911807793,0.3200606750094805,0.42212075088787415,0.49131216297183944,0.5850144092219021,0.6972318339100346,0.7912957467853611,128,20,0.001,LSTM
0.782791185729276,0.95,0.8091106290672451,0.758130081300813,0.9734131736398524,0.7264239028944911,0.7628458498023716,0.782791185729276,0.7779005524861878,0.7520184544405998,0.7227488151658767,0.6896551724137931,0.6105263157894737,0.4633431085043988,128,50,0.0001,RNN
0.7653508771929824,0.975,0.830952380952381,0.709349593495935,0.9698450805094372,0.57,0.6342629482071713,0.6899563318777293,0.7373447946513849,0.7631027253668763,0.7653508771929824,0.7306791569086651,0.6179921773142112,0.32172470978441126,64,20,0.0005,RNN
0.7542372881355932,0.99,0.7876106194690266,0.7235772357723578,0.9714750750949115,0.2637223974763407,0.30594277329420394,0.35278969957081546,0.41292276627965674,0.4975429975429975,0.5524331734064428,0.621875,0.7090909090909091,0.7542372881355932,64,30,0.0005,RNN
0.7294117647058823,0.93,0.8659217877094972,0.6300813008130082,0.969672700710265,0.7294117647058823,0.6749072929542645,0.6157826649417852,0.5554035567715458,0.44776119402985076,0.35668789808917195,0.22105263157894736,0.07321772639691715,0.0,128,30,0.0001,RNN
0.709849157054126,0.99,0.6299212598425197,0.8130081300813008,0.9726836745971524,0.11109705175249905,0.12944312796208532,0.15530846484935437,0.20285035629453682,0.2883498462589682,0.3563169164882227,0.4444444444444444,0.5652777777777778,0.709849157054126,128,50,0.0005,LSTM
0.6549560853199499,0.93,0.8557377049180328,0.5304878048780488,0.9684647517517858,0.6549560853199499,0.583554376657825,0.4554744525547445,0.2171628721541156,0.0,0.0,0.0,0.0,0.0,64,20,0.0005,LSTM
0.6429479034307497,0.93,0.8576271186440678,0.5142276422764228,0.9656229478382574,0.6429479034307497,0.612987012987013,0.5384615384615384,0.4734576757532281,0.39689922480620154,0.31475409836065577,0.15073529411764705,0.0,0.0,128,50,0.0001,LSTM
0.5991058122205664,0.99,0.47294117647058825,0.8170731707317073,0.9731834637780808,0.06302789410178153,0.0722911227154047,0.08586203532051907,0.10985985985985985,0.15436599679886182,0.1945193171608266,0.25738396624472576,0.36924452391595886,0.5991058122205664,64,50,0.001,LSTM
0.5403899721448467,0.93,0.8584070796460177,0.3943089430894309,0.9576707473632604,0.5403899721448467,0.44245142002989535,0.3076923076923077,0.1169811320754717,0.03571428571428571,0.004056795131845842,0.0,0.0,0.0,64,50,0.0001,RNN
0.5132743362831859,0.99,0.3724770642201835,0.8252032520325203,0.9733701984330045,0.09853890587835543,0.11233909764659993,0.13172001837953745,0.16183437559219252,0.21021170610211706,0.2513497300539892,0.3053211009174312,0.3853727144866385,0.5132743362831859,64,20,0.001,RNN
0.4891041162227603,0.99,0.3482758620689655,0.8211382113821138,0.9743243674105313,0.07075697211155378,0.08040657046918959,0.09431137724550898,0.11556260743091366,0.15081165997556292,0.18427255196057424,0.23555555555555555,0.3287128712871287,0.4891041162227603,128,30,0.001,LSTM
0.483503299340132,0.99,0.34297872340425534,0.8191056910569106,0.9730823363928907,0.14773712502167505,0.16771902131018154,0.19558652729384438,0.23210831721470018,0.28463648834019206,0.31715705005731754,0.3581699346405229,0.4077961019490255,0.483503299340132,128,20,0.0005,RNN
0.40061162079510704,0.93,0.808641975308642,0.266260162601626,0.9600506830780986,0.40061162079510704,0.2914572864321608,0.16087751371115175,0.06627680311890838,0.0,0.0,0.0,0.0,0.0,128,20,0.0001,RNN
0.2987012987012987,0.99,0.18157894736842106,0.8414634146341463,0.971735953866582,0.06884681583476764,0.07670081428946678,0.0872690963554668,0.10232777974713458,0.12618203309692672,0.14517506404782238,0.1720561317876754,0.21499872024571282,0.2987012987012987,64,50,0.0005,RNN
0.21828601198228706,0.99,0.12518673438900507,0.8516260162601627,0.9718610870314601,0.06670187881988984,0.07303510664785459,0.08215324017631061,0.09510275470048098,0.11305837396231387,0.126725033387743,0.14409810935104753,0.17174177831912302,0.21828601198228706,128,30,0.0005,RNN
0.192950745594216,0.99,0.10854092526690391,0.8678861788617886,0.972524391459204,0.05032650303985589,0.05500061659884079,0.06147908194913502,0.07016989332279731,0.0846774193548387,0.09540481400437636,0.11273105961989065,0.1396025206010664,0.192950745594216,64,30,0.001,RNN
0.13432129906984078,0.99,0.07280806699709451,0.8658536585365854,0.9725799557601646,0.03374436978512885,0.036538847620959644,0.04025056644009063,0.04604726976365118,0.05491682974559687,0.062403805792640266,0.07420376855094214,0.0924672027084215,0.13432129906984078,128,50,0.001,LSTM
0.10060408921933085,0.99,0.05335140463282405,0.8800813008130082,0.970777774393997,0.039147303718557916,0.04202232435981615,0.045401214099882674,0.05042016806722689,0.058080973248740925,0.06283393887582817,0.07004946545396522,0.0814918414918415,0.10060408921933085,128,20,0.001,RNN
0.08330141708157794,0.99,0.043709807073954984,0.8841463414634146,0.9700890129735584,0.03476130316603499,0.03707341026270562,0.040070921985815605,0.043772032902467686,0.04983240223463687,0.05399146861669714,0.05983311851299098,0.06820305200872002,0.08330141708157794,128,50,0.0005,RNN
0.0673687470961747,0.99,0.035018515536950574,0.8841463414634146,0.968250333242829,0.028263961902405838,0.030092057940409807,0.03219858156028369,0.03508771929824561,0.039458550827214015,0.04278846153846154,0.04724662524105421,0.05445636668113875,0.0673687470961747,64,50,0.001,RNN
0.06289757701379459,0.99,0.03259500703755834,0.8943089430894309,0.9690129528267127,0.029988541496153216,0.031668696711327646,0.033678563445346844,0.036539320368641146,0.04078481242619675,0.043699286342751005,0.047223994894703254,0.05311432168335232,0.06289757701379459,128,30,0.001,RNN
0.03745757740813676,0.99,0.019122994652406418,0.9085365853658537,0.9670491649520191,0.021388645077839885,0.02227375948205054,0.02348496451728187,0.025059372696748832,0.027055891776432896,0.02845057183142723,0.030371241390895348,0.03301419610432486,0.03745757740813676,128,50,0.001,RNN
0.0,0.97,0.0,0.0,0.9229605167118973,0.0,0.0,0.0,0.0,0.0,0.0,0.0,0.0,0.0,128,20,0.0001,LSTM
0.0,0.97,0.0,0.0,0.9325459251725978,0.0,0.0,0.0,0.0,0.0,0.0,0.0,0.0,0.0,64,20,0.0001,RNN
0.0,0.97,0.0,0.0,0.7750452449611811,0.0,0.0,0.0,0.0,0.0,0.0,0.0,0.0,0.0,64,20,0.0001,LSTM
0.0,0.97,0.0,0.0,0.9415366508491598,0.0,0.0,0.0,0.0,0.0,0.0,0.0,0.0,0.0,64,50,0.0001,LSTM
0.0,0.97,0.0,0.0,0.9437449180736641,0.0,0.0,0.0,0.0,0.0,0.0,0.0,0.0,0.0,128,30,0.0001,LSTM
0.0,0.97,0.0,0.0,0.9424234206334466,0.0,0.0,0.0,0.0,0.0,0.0,0.0,0.0,0.0,64,30,0.0001,RNN
0.0,0.97,0.0,0.0,0.9186371780183693,0.0,0.0,0.0,0.0,0.0,0.0,0.0,0.0,0.0,64,30,0.0001,LSTM
