hidden_size,epochs,lr,model,sampler,best_f1,best_threshold,roc_auc,f1_t0.2,f1_t0.3,f1_t0.4,f1_t0.5,f1_t0.6,f1_t0.7,f1_t0.8
32,200,0.0005,RNN,SMOTE,0.8356164383561644,0.8,0.7401666666666666,0.45250800426894344,0.616651418115279,0.70843776106934,0.7657587548638133,0.7920646583394563,0.8218623481781376,0.8356164383561644
64,200,0.0005,RNN,SMOTE,0.8353162179085786,0.8,0.7323619047619048,0.4432661717921527,0.615948670944088,0.7082294264339152,0.7623456790123457,0.8025843503230438,0.8180592991913747,0.8353162179085786
32,100,0.0005,LSTM,SMOTE,0.8351507376523413,0.8,0.7238047619047621,0.4613778705636743,0.6356311548791406,0.724025974025974,0.7755102040816326,0.7991422444603288,0.8237677245104659,0.8351507376523413
32,100,0.0005,RNN,SMOTE,0.8337468982630273,0.8,0.7445333333333334,0.40704070407040704,0.6103896103896104,0.7230514096185738,0.7717391304347826,0.7979576951130561,0.8250510551395507,0.8337468982630273
64,100,0.0005,LSTM,SMOTE,0.8330109606705351,0.8,0.7116809523809523,0.4652128764278297,0.6243291592128801,0.7250608272506083,0.7709750566893424,0.7917555081734187,0.8191632928475033,0.8330109606705351
64,100,0.001,RNN,SMOTE,0.8329177057356608,0.8,0.7334619047619049,0.4463157894736842,0.6247723132969034,0.70843776106934,0.7683965917893106,0.806056236481615,0.8193418401611821,0.8329177057356608
64,100,0.0005,LSTM,AGSS,0.8319488817891374,0.8,0.710907142857143,0.6392857142857142,0.7214170692431562,0.7548872180451128,0.7977207977207977,0.8112560054907344,0.8203434610303831,0.8319488817891374
32,100,0.001,RNN,SMOTE,0.8313627878033603,0.8,0.7403095238095238,0.4229934924078091,0.6269477543538039,0.7201986754966887,0.7713841368584758,0.7964989059080962,0.8190988567585743,0.8313627878033603
32,200,0.001,RNN,SMOTE,0.8312342569269522,0.8,0.7335047619047619,0.48459958932238195,0.6438232642019838,0.719082719082719,0.7694656488549618,0.8051391862955032,0.8202020202020202,0.8312342569269522
64,200,0.0005,RNN,AGSS,0.8298429319371727,0.7,0.7338285714285714,0.6098239110287303,0.7059800664451827,0.7542768273716952,0.7909686817188638,0.8173076923076923,0.8298429319371727,0.8280175109443402
64,100,0.001,LSTM,SMOTE,0.8296488946684005,0.8,0.7008095238095238,0.5679245283018868,0.6638005159071367,0.7227564102564102,0.7594553706505295,0.7887931034482759,0.8133971291866029,0.8296488946684005
64,100,0.0005,RNN,SMOTE,0.8294190358467244,0.8,0.7397047619047619,0.379041248606466,0.5970149253731343,0.7151211361737677,0.7688715953307393,0.7982520029133284,0.8227334235453315,0.8294190358467244
64,100,0.0005,RNN,AGSS,0.829042904290429,0.7,0.7372095238095239,0.5578231292517006,0.6643295354951797,0.7374301675977654,0.7855029585798816,0.8123682361208714,0.829042904290429,0.8271527341294783
64,100,0.001,RNN,AGSS,0.8288401253918495,0.8,0.7329285714285714,0.6066790352504638,0.6996644295302014,0.7536907536907537,0.7944606413994169,0.8134893324156917,0.8237623762376237,0.8288401253918495
32,100,0.001,LSTM,SMOTE,0.8286644951140065,0.8,0.7128571428571429,0.5566218809980806,0.6632034632034632,0.721816707218167,0.7644376899696048,0.784992784992785,0.8136986301369863,0.8286644951140065
32,200,0.0005,LSTM,SMOTE,0.8286644951140065,0.8,0.710047619047619,0.5687022900763359,0.6683848797250859,0.7370929308975377,0.7694633408919124,0.7922636103151862,0.8133514986376021,0.8286644951140065
64,200,0.0005,LSTM,SMOTE,0.8286644951140065,0.8,0.7012666666666667,0.5641025641025641,0.6620926243567753,0.7176186645213194,0.7630582891748675,0.7867435158501441,0.8147641831852358,0.8286644951140065
64,200,0.0005,LSTM,AGSS,0.8285163776493256,0.8,0.707004761904762,0.6660899653979239,0.7429022082018928,0.7684365781710915,0.7883522727272727,0.8079561042524005,0.8217362491716369,0.8285163776493256
32,200,0.001,LSTM,AGSS,0.8282958199356913,0.8,0.6948952380952381,0.7022149302707137,0.7370855821125675,0.7643593519882179,0.7937853107344632,0.811772758384668,0.8154563624250499,0.8282958199356913
32,100,0.0005,LSTM,AGSS,0.8282051282051283,0.8,0.7192000000000001,0.6353790613718412,0.7303370786516854,0.7625468164794007,0.7994269340974212,0.8171152518978606,0.8215712383488681,0.8282051282051283
32,100,0.001,RNN,AGSS,0.827455919395466,0.8,0.7338999999999999,0.5763358778625954,0.6844368013757524,0.7395091053048297,0.7814569536423841,0.8130193905817175,0.8227513227513228,0.827455919395466
32,200,0.0005,LSTM,AGSS,0.8274078862314156,0.8,0.7100904761904763,0.6695278969957081,0.7298578199052133,0.7687732342007435,0.7865810135617416,0.8131868131868132,0.8241539482415395,0.8274078862314156
64,200,0.001,RNN,SMOTE,0.8270580727504786,0.8,0.7231952380952381,0.5330700888450148,0.6631578947368421,0.7312348668280871,0.7668944570994685,0.8,0.8225806451612904,0.8270580727504786
32,200,0.001,RNN,AGSS,0.827020202020202,0.8,0.721447619047619,0.6297640653357531,0.7116968698517299,0.7550077041602465,0.7857142857142857,0.8085106382978723,0.8265440210249672,0.827020202020202
64,200,0.001,RNN,AGSS,0.8267170762444864,0.8,0.7253714285714284,0.6730601569311246,0.732484076433121,0.7715355805243446,0.8048606147248034,0.8125,0.8219895287958116,0.8267170762444864
32,200,0.0005,RNN,AGSS,0.8257575757575758,0.8,0.7316380952380952,0.5738798856053384,0.6831767719897524,0.7413249211356467,0.7820324005891016,0.8125435540069686,0.8253968253968254,0.8257575757575758
64,100,0.001,LSTM,AGSS,0.8256410256410256,0.8,0.7079761904761905,0.6836301950805768,0.7447306791569087,0.7740986019131715,0.7911931818181818,0.8095890410958904,0.8196286472148541,0.8256410256410256
64,200,0.001,LSTM,AGSS,0.8251121076233184,0.8,0.691147619047619,0.6887417218543046,0.7395993836671803,0.7756598240469208,0.7985915492957747,0.8084239130434783,0.8134920634920635,0.8251121076233184
32,100,0.001,LSTM,AGSS,0.8250484183344093,0.8,0.7138523809523809,0.679213002566296,0.7307086614173228,0.7723214285714286,0.7943060498220641,0.8080110497237569,0.8184245660881175,0.8250484183344093
32,100,0.0005,RNN,AGSS,0.8246385920804525,0.8,0.7371857142857142,0.560856864654333,0.6712922810060711,0.7381905524419535,0.7865671641791044,0.8106966924700915,0.824468085106383,0.8246385920804525
32,200,0.001,LSTM,SMOTE,0.8201438848920863,0.8,0.692795238095238,0.6012715712988193,0.6823529411764706,0.7331240188383046,0.7621905476369092,0.7893982808022922,0.8133971291866029,0.8201438848920863
64,200,0.001,LSTM,SMOTE,0.8196286472148541,0.8,0.6886285714285715,0.6286215978928885,0.6960065199674002,0.7413127413127413,0.7653213751868461,0.7899280575539568,0.7986206896551724,0.8196286472148541
